[
  {
    "code": 182295,
    "name": "ACME PRODUCT 02509",
    "price": 22.99,
    "sales_ranking": 2,    
    "stockout_rate": 0.4010,
    "wh_coverage": 0.25,
    "size_stock": {
      "S": 1,
      "M": 2,
      "L": 0,
      "XL": 4,
      "XXL": 0
    }
  },
  {
    "code": 182297,
    "name": "ACME PRODUCT 02511",
    "price": 22.99,
    "sales_ranking": 1,    
    "stockout_rate": 0.3473,
    "wh_coverage": 0.18,
    "size_stock": {
      "S": 3,
      "M": 2,
      "L": 2,
      "XL": 0,
      "XXL": 2
    }
  },
  {
    "code": 182943,
    "name": "ACME PRODUCT 03118",
    "price": 79.90,
    "sales_ranking": 4,    
    "stockout_rate": 0.2052,
    "wh_coverage": 0.41,
    "size_stock": {
      "XS": 0,
      "S": 2,
      "M": 2,
      "L": 3,
      "XL": 2
    }
  },
  {
    "code": 183395,
    "name": "ACME PRODUCT 03554",
    "price": 19.99,
    "sales_ranking": 3,        
    "stockout_rate": 0.5261,
    "wh_coverage": 0.75,
    "size_stock": {
      "S": 3,
      "M": 3,
      "L": 2,
      "XL": 1,
      "XXL": 0
    }
  }      
]